<?xml version="1.0" encoding="UTF-8" standalone="yes" ?>
<!--
       This is a license key file for FlashBoot 2.x. Copy it to folder
       where FlashBoot 2.x is installed (usually "C:\Program Files\FlashBoot")
       in order to use FlashBoot 2.x in full-featured, registered mode.
       Make sure that name of this file is "license_key.xml", otherwise it
       will not work.

       FlashBoot can be downloaded from http://www.prime-expert.com/flashboot/

       WARNING: DO NOT EDIT THIS FILE!
       If you change even single entry, digital signature will not match
       changed data and license key file will become invalid.

       If you have any questions or suggestions about this file or FlashBoot,
       email to flashboot@prime-expert.com

       Redistribution of this file is strictly prohibited, refer to
       FlashBoot 2.x end user license agreement for more information.
-->
<FlashBootLicenseKey Type="Standard">
    <Product Name="FlashBoot" Version="2.x" />
    <Order ID="466820735:1" Day="19" Month="4" Year="2014" ProcessedBy="ShareIt">
        <RegisteredTo>olegs mutko</RegisteredTo>
        <Email>evitaandri@inbox.lv</Email>
        <Address>maskavas 70, Riga LV-1063, Latvia</Address>
        <Quantity>1</Quantity>
    </Order>
    <DigitalSignature>
        <S1>6B977830:644F6882 C13B7EAE:CF515D4A 8FA71E58:47F569D1 506E1434:006ABC40</S1>
        <S2>DCB7560D:1F6877D3 2041519E:809824EC 3E0ADEC5:C4C184E4 3968F3C0:5872142A</S2>
        <S3>4DFD63A6:7C0BAD35 923B485A:C9A39D7E EE5CB1CF:E3CD3E3F A497CD55:EDF7377C</S3>
        <S4>8B149C2C:C23E1E79 15F89150:AC981722 F04EBAF2:7CF1E988 51155FE9:F6774CC2</S4>
        <S5>EB6CCA1A:B3734DAD 2226ACD4:E40EC069 14E2EAE0:739BB725 9968CD3A:F2633058</S5>
        <S6>CC440B69:2012E469 23E3C07C:EDF496B0 00F3B691:6CDFBCF5 19E7AC2D:34F8CBCC</S6>
        <S7>03BFC91D:6AED3551 21077CAF:38DE6237 6CD9F591:4706A84E 62D19ACA:87F66606</S7>
        <S8>7255A623:00DBDAE8 B07408E5:E9CC7D12 A1958C23:9985CEF8 9F266842:5869F53F</S8>
    </DigitalSignature>
</FlashBootLicenseKey>
